{"pixen.kill":1,"stat.leaveGame":6,"stat.mineBlock.ebwizardry.crystal_flower":6,"stat.pickup.lycanitesmobs.cooked_krake_meat":8,"stat.pickup.ebwizardry.spell_book":9,"stat.killEntity.vampirism.vampire":2,"stat.useItem.minecraft.planks":76,"stat.craftItem.minecraft.shield":1,"stat.pickup.minecraft.glowstone_dust":7,"stat.useItem.minecraft.water_bucket":1,"stat.pickup.minecraft.rotten_flesh":70,"silex.kill":1,"stat.craftItem.minecraft.stone_axe":2,"stat.pickup.minecraft.name_tag":6,"stat.pickup.minecraft.bucket":1,"stat.killEntity.Enderman":1,"eechetik.kill":2,"stat.craftItem.minecraft.stone_sword":2,"stat.pickup.minecraft.brown_mushroom":1,"stat.killEntity.Witch":1,"stat.drop.ebwizardry.spell_book":1,"stat.useItem.minecraft.iron_pickaxe":62,"stat.craftItem.minecraft.wooden_pickaxe":1,"stat.entityKilledBy.vampirism.vampire":1,"stat.drop.minecraft.cooked_mutton":2,"stat.pickup.minecraft.double_plant":14,"stat.craftItem.minecraft.bed":3,"stat.furnaceInteraction":41,"stat.drop.vampirism.item_tent":3,"stat.pickup.minecraft.beef":42,"stat.useItem.minecraft.cooked_mutton":5,"stat.pickup.minecraft.furnace":22,"stat.pickup.minecraft.skull":6,"stat.drop.minecraft.furnace":2,"afrit.kill":1,"stat.craftItem.ebwizardry.magic_wand":2,"stat.pickup.lycanitesmobs.tricksterflarecharge":6,"stat.pickup.lycanitesmobs.raw_krake_meat":2,"stat.useItem.lycanitesmobs.cooked_silex_meat":1,"stat.deaths":13,"stat.pickup.lycanitesmobs.geistliver":10,"stat.playOneMinute":175022,"stat.craftItem.minecraft.iron_pickaxe":2,"stat.mineBlock.minecraft.tallgrass":10,"stat.craftItem.minecraft.cooked_mutton":26,"stat.pickup.minecraft.cooked_mutton":9,"stat.chestOpened":11,"stat.useItem.minecraft.stone":3,"stat.pickup.minecraft.arrow":71,"uvaraptor.kill":5,"geist.kill":1,"stat.fallOneCm":132398,"stat.drop.minecraft.stone_sword":1,"stat.pickup.scalinghealth.difficultychanger":122,"stat.crouchOneCm":10346,"stat.craftItem.minecraft.iron_ingot":11,"stat.pickup.minecraft.red_mushroom":3,"stat.craftingTableInteraction":44,"stat.pickup.minecraft.wooden_pickaxe":1,"stat.pickup.minecraft.feather":118,"stat.useItem.minecraft.furnace":2,"stat.pickup.minecraft.dye":2,"stat.pickup.minecraft.planks":638,"stat.pickup.minecraft.wheat_seeds":9,"stat.useItem.minecraft.stone_pickaxe":173,"stat.useItem.minecraft.stone_sword":113,"stat.mineBlock.minecraft.dirt":43,"stat.pickup.lycanitesmobs.raw_silex_meat":1,"stat.useItem.minecraft.bread":1,"stat.useItem.minecraft.torch":25,"stat.drop.minecraft.rotten_flesh":4,"stat.pickup.minecraft.crafting_table":42,"stat.useItem.minecraft.cobblestone":40,"stat.craftItem.minecraft.crafting_table":5,"stat.craftItem.firstaid.bandage":3,"stat.pickup.minecraft.log":63,"stat.pickup.minecraft.iron_pickaxe":9,"stat.craftItem.minecraft.gold_ingot":1,"stat.pickup.minecraft.sapling":65,"stat.pickup.minecraft.wooden_door":1,"stat.pickup.minecraft.apple":9,"stat.craftItem.minecraft.bucket":1,"stat.craftItem.minecraft.planks":252,"stat.pickup.minecraft.stone_sword":11,"stat.pickup.minecraft.book":36,"stat.mineBlock.minecraft.log":41,"stat.sneakTime":5128,"stat.pickup.minecraft.wool":49,"stat.drop.minecraft.bucket":1,"stat.pickup.minecraft.bone":139,"stat.drop.minecraft.stone_shovel":1,"stat.mineBlock.minecraft.cobblestone":9,"stat.pickup.minecraft.stone_pickaxe":5,"stat.swimOneCm":9648,"stat.climbOneCm":8509,"stat.useItem.minecraft.dirt":21,"stat.useItem.minecraft.stone_slab2":38,"stat.drop.ebwizardry.magic_wand":2,"stat.pickup.minecraft.bow":1,"stat.craftItem.minecraft.furnace":2,"stat.entityKilledBy.vampirism.vampire_hunter":1,"stat.craftItem.minecraft.stone_pickaxe":3,"stat.craftItem.minecraft.cooked_beef":6,"stat.pickup.minecraft.cobblestone":509,"stat.pickup.vampirism.item_tent":5,"stat.useItem.minecraft.stone_shovel":26,"stat.flyOneCm":197818,"stat.useItem.minecraft.cooked_beef":3,"stat.mineBlock.minecraft.iron_ore":10,"stat.timeSinceDeath":7435,"stat.pickup.minecraft.mutton":61,"stat.mineBlock.ebwizardry.arcane_workbench":3,"stat.pickup.ebwizardry.arcane_workbench":6,"stat.craftItem.ebwizardry.magic_crystal":192,"stat.pickup.minecraft.wooden_axe":1,"krake.kill":2,"stat.drop.minecraft.dirt":1,"stat.killEntity.Wolf":1,"stat.pickup.ebwizardry.magic_crystal":136,"stat.killEntity.vampirism.vampire_hunter":2,"stat.mineBlock.minecraft.coal_ore":28,"stat.pickup.minecraft.shield":5,"stat.craftItem.lycanitesmobs.cooked_krake_meat":2,"stat.pickup.minecraft.string":44,"stat.craftItem.ebwizardry.spell_book":36,"stat.pickup.ebwizardry.magic_wand":5,"stat.pickup.lycanitesmobs.scorchfireballcharge":6,"stat.entityKilledBy.Skeleton":2,"stat.craftItem.minecraft.stone_slab2":0,"stat.pickup.lycanitesmobs.raw_arisaur_meat":7,"stat.sprintOneCm":164547,"stat.craftItem.minecraft.stick":40,"stat.craftItem.minecraft.gold_nugget":9,"stat.mineBlock.minecraft.crafting_table":8,"stat.mineBlock.minecraft.planks":9,"stat.drop":17,"stat.pickup.ebwizardry.ruined_spell_book":4,"stat.killEntity.Sheep":20,"stat.useItem.minecraft.ladder":2,"stat.pickup.minecraft.slime_ball":3,"stat.killEntity.Zombie":12,"stat.diveOneCm":5962,"stat.mineBlock.minecraft.mossy_cobblestone":1,"stat.craftItem.minecraft.ladder":3,"stat.pickup.minecraft.stone_axe":9,"stat.useItem.minecraft.apple":1,"stat.drop.minecraft.apple":1,"stat.jump":1644,"stat.pickup.minecraft.coal":87,"stat.pickup.minecraft.iron_helmet":5,"stat.pickup.minecraft.iron_ingot":4,"stat.useItem.minecraft.stone_axe":184,"stat.pickup.minecraft.gunpowder":32,"stat.pickup.minecraft.spider_eye":2,"stat.craftItem.minecraft.torch":72,"stat.pickup.minecraft.dirt":69,"stat.pickup.vampirism.vampire_fang":4,"stat.pickup.minecraft.iron_ore":11,"stat.pickup.minecraft.stone_shovel":13,"roc.kill":5,"stat.pickup.lycanitesmobs.poisongland":3,"stat.pickup.minecraft.gold_ore":4,"stat.pickup.minecraft.leather":30,"stat.damageTaken":7958,"stat.mineBlock.minecraft.furnace":6,"stat.mineBlock.minecraft.torch":4,"stat.useItem.minecraft.wooden_pickaxe":3,"stat.tradedWithVillager":36,"stat.pickup.ebwizardry.crystal_flower":13,"stat.pickup.minecraft.bed":4,"stat.entityKilledBy.Zombie":2,"stat.damageDealt":12025,"stat.sleepInBed":9,"stat.killEntity.Cow":4,"stat.useItem.minecraft.crafting_table":3,"stat.craftItem.minecraft.stone_shovel":1,"geonach.kill":2,"stat.walkOneCm":310654,"lurker.kill":2,"stat.playerKills":1,"stat.pickup.minecraft.stick":30,"stat.pickup.minecraft.clay_ball":12,"stat.useItem.scalinghealth.heartcontainer":59,"stat.pickup.minecraft.stone":13,"stat.mineBlock.minecraft.wool":1,"stat.craftItem.lycanitesmobs.cooked_silex_meat":1,"stat.pickup.scalinghealth.heartcontainer":20,"stat.pickup.minecraft.ender_pearl":6,"stat.pickup.minecraft.cooked_beef":9,"stat.killEntity.Skeleton":12,"stat.killEntity.Spider":7,"stat.pickup.minecraft.bread":1,"stat.mobKills":90,"stat.mineBlock.minecraft.bookshelf":12,"stat.pickup.minecraft.quartz":54,"stat.pickup.minecraft.water_bucket":5,"stat.mineBlock.minecraft.leaves":59,"stat.pickup.minecraft.torch":147,"stat.drop.minecraft.arrow":2,"stat.mineBlock.minecraft.stone":156}