{"stat.pickup.minecraft.bone":26,"stat.leaveGame":4,"stat.mineBlock.ebwizardry.crystal_flower":13,"stat.pickup.minecraft.stone_pickaxe":2,"stat.pickup.minecraft.flint":2,"stat.pickup.ebwizardry.spell_book":3,"stat.swimOneCm":5575,"stat.climbOneCm":22083,"stat.craftItem.minecraft.shield":1,"stat.mineBlock.minecraft.web":3,"stat.useItem.minecraft.dirt":11,"stat.useItem.minecraft.stone_slab2":20,"stat.drop.ebwizardry.magic_wand":1,"stat.pickup.minecraft.bow":1,"stat.useItem.minecraft.water_bucket":2,"stat.pickup.minecraft.rotten_flesh":21,"stat.pickup.minecraft.sand":2,"stat.craftItem.minecraft.furnace":2,"stat.pickup.minecraft.bucket":1,"stat.craftItem.minecraft.stone_pickaxe":3,"stat.craftItem.minecraft.cooked_beef":9,"stat.drop.lycanitesmobs.geistliver":2,"stat.pickup.minecraft.cobblestone":232,"stat.pickup.vampirism.item_tent":1,"stat.craftItem.minecraft.stone_sword":2,"stat.flyOneCm":68979,"stat.mineBlock.minecraft.sand":2,"stat.useItem.minecraft.cooked_beef":5,"stat.mineBlock.minecraft.iron_ore":5,"stat.timeSinceDeath":26560,"stat.craftItem.minecraft.wooden_pickaxe":1,"stat.pickup.minecraft.mutton":33,"stat.pickup.ebwizardry.arcane_workbench":1,"stat.pickup.minecraft.double_plant":157,"stat.useItem.ebwizardry.magic_wand":1,"stat.pickup.minecraft.wooden_axe":9,"stat.furnaceInteraction":44,"krake.kill":1,"stat.pickup.ebwizardry.magic_crystal":56,"stat.mineBlock.minecraft.coal_ore":33,"stat.pickup.minecraft.shield":1,"stat.drop.vampirism.item_tent":1,"stat.pickup.minecraft.string":25,"stat.pickup.ebwizardry.magic_wand":3,"stat.pickup.minecraft.beef":15,"stat.useItem.minecraft.cooked_mutton":2,"stat.pickup.minecraft.furnace":4,"stat.entityKilledBy.Skeleton":1,"stat.pickup.lycanitesmobs.raw_arisaur_meat":24,"stat.sprintOneCm":185371,"stat.pickup.minecraft.skull":2,"stat.craftItem.minecraft.stick":52,"stat.craftItem.minecraft.wooden_axe":1,"stat.mineBlock.minecraft.crafting_table":1,"stat.pickup.lycanitesmobs.raw_krake_meat":2,"stat.deaths":13,"stat.mineBlock.minecraft.planks":2,"stat.pickup.lycanitesmobs.geistliver":12,"stat.drop":9,"stat.playOneMinute":134052,"stat.killEntity.Sheep":5,"stat.useItem.minecraft.ladder":11,"stat.killEntity.Zombie":2,"stat.mineBlock.minecraft.tallgrass":1,"stat.craftItem.minecraft.cooked_mutton":7,"stat.craftItem.forge.bucketfilled":1,"stat.diveOneCm":340,"stat.pickup.minecraft.cooked_mutton":9,"stat.chestOpened":19,"stat.craftItem.minecraft.ladder":12,"stat.useItem.minecraft.stone":19,"stat.pickup.minecraft.gravel":8,"stat.pickup.minecraft.arrow":2,"stat.useItem.minecraft.apple":5,"uvaraptor.kill":2,"stat.pickup.minecraft.gold_nugget":7,"stat.craftItem.minecraft.coal":29,"geist.kill":1,"stat.drop.lycanitesmobs.raw_arisaur_meat":2,"stat.jump":1078,"stat.useItem.minecraft.sand":1,"stat.pickup.minecraft.coal":49,"stat.pickup.minecraft.iron_helmet":2,"stat.fallOneCm":15223,"stat.pickup.minecraft.iron_ingot":3,"stat.crouchOneCm":929,"stat.pickup.minecraft.spider_eye":1,"stat.craftItem.minecraft.torch":28,"stat.craftItem.minecraft.chest":2,"stat.craftItem.minecraft.iron_ingot":5,"stat.pickup.minecraft.dirt":27,"stat.pickup.vampirism.vampire_fang":2,"stat.drop.minecraft.bed":4,"stat.craftingTableInteraction":22,"stat.pickup.minecraft.iron_ore":5,"roc.kill":1,"stat.pickup.minecraft.gold_ore":1,"stat.mineBlock.minecraft.leaves2":16,"stat.pickup.minecraft.wooden_pickaxe":6,"stat.damageTaken":5264,"stat.pickup.minecraft.feather":21,"stat.pickup.minecraft.leather":9,"stat.mineBlock.minecraft.torch":6,"stat.mineBlock.minecraft.red_flower":6,"stat.useItem.minecraft.wooden_pickaxe":7,"stat.pickup.ebwizardry.crystal_flower":13,"stat.pickup.minecraft.planks":201,"stat.pickup.minecraft.bed":7,"stat.pickup.minecraft.wheat_seeds":10,"stat.useItem.forge.bucketfilled":1,"stat.entityKilledBy.Zombie":1,"stat.mineBlock.minecraft.gravel":5,"stat.useItem.minecraft.stone_pickaxe":282,"stat.useItem.minecraft.stone_sword":102,"stat.damageDealt":3557,"stat.sleepInBed":8,"stat.killEntity.Cow":3,"stat.mineBlock.minecraft.dirt":8,"arisaur.kill":1,"stat.walkOneCm":432294,"stat.useItem.minecraft.torch":27,"stat.useItem.minecraft.chest":1,"stat.pickup.minecraft.stick":62,"stat.craftItem.simpledifficulty.canteen":1,"stat.pickup.minecraft.crafting_table":1,"stat.pickup.minecraft.clay_ball":2,"stat.craftItem.minecraft.crafting_table":3,"stat.mineBlock.minecraft.double_plant":16,"stat.pickup.minecraft.log":96,"stat.pickup.minecraft.iron_pickaxe":2,"stat.pickup.minecraft.stone":107,"stat.pickup.minecraft.chainmail_leggings":2,"stat.pickup.scalinghealth.heartcontainer":36,"stat.pickup.minecraft.sapling":180,"stat.pickup.minecraft.apple":8,"stat.pickup.minecraft.cooked_beef":8,"stat.killEntity.Skeleton":3,"stat.craftItem.minecraft.bucket":1,"stat.craftItem.minecraft.planks":72,"stat.killEntity.Spider":1,"stat.pickup.minecraft.stone_sword":4,"stat.mobKills":27,"stat.mineBlock.minecraft.log":66,"stat.pickup.minecraft.quartz":6,"stat.pickup.simpledifficulty.canteen":1,"stat.mineBlock.minecraft.leaves":23,"stat.pickup.minecraft.torch":66,"stat.pickup.minecraft.red_flower":6,"stat.sneakTime":2289,"stat.pickup.minecraft.wool":23,"ent.kill":1,"stat.useItem.minecraft.wooden_axe":38,"stat.mineBlock.minecraft.stone":252}